Date,Redraft PPR ADP,Redraft SF ADP,Redraft Half PPR ADP,Dynasty PPR ADP,Dynasty SF ADP,Dynasty Half PPR ADP,IDP ADP,Player Team,Player First Name,Player Last Name,Fantasy Player Position,Player Id,Positional Rank
"August 21, 2024",1.2,2.8,1.5,4.8,15.4,6.5,4.8,SF,Christian,McCaffrey,RB,4034,RB1
"August 21, 2024",2.7,6.1,2.1,9,22,10.2,12.3,MIA,Tyreek,Hill,WR,3321,WR1
"August 21, 2024",3.1,5.1,3.9,2.6,7.3,2.4,5.9,DAL,CeeDee,Lamb,WR,6786,WR2
"August 21, 2024",4.9,9.7,4.3,1.6,5.8,1.7,3.4,MIN,Justin,Jefferson,WR,6794,WR3
"August 21, 2024",5.6,10.5,5.6,3.6,8,3.9,7.8,CIN,Ja'Marr,Chase,WR,7564,WR4
"August 21, 2024",6.5,13.5,6.1,6.7,12.5,4.6,10.8,ATL,Bijan,Robinson,RB,9509,RB2
"August 21, 2024",6.8,11.1,6.2,5.2,10.2,5.9,9.5,DET,Amon-Ra,St. Brown,WR,7547,WR5
"August 21, 2024",8.8,12.3,8.6,7.2,16,7.3,13.6,NYJ,Breece,Hall,RB,8155,RB3
"August 21, 2024",9.1,15.2,9.1,13.5,23.8,13.9,15.4,PHI,A.J.,Brown,WR,5859,WR6
"August 21, 2024",11.7,20.5,13.3,12.3,21,12,19.5,NYJ,Garrett,Wilson,WR,8146,WR7
"August 21, 2024",12.6,22.5,12.1,17.7,34.7,19.5,21.9,PHI,Saquon,Barkley,RB,4866,RB4
"August 21, 2024",12.7,18.8,10.3,10.9,18.6,9.7,15.6,DET,Jahmyr,Gibbs,RB,9221,RB5
"August 21, 2024",13.9,23.9,11.8,14,26.6,14.3,20,IND,Jonathan,Taylor,RB,6813,RB6
"August 21, 2024",15.4,23.1,14,7.9,14.7,7.4,14.2,ARI,Marvin,Harrison,WR,11628,WR8
"August 21, 2024",16.9,28.4,17.8,23.8,38.7,22.8,26.1,LAR,Kyren,Williams,RB,8150,RB7
"August 21, 2024",17.3,17.7,15.9,11.2,20.2,11.3,17.2,LAR,Puka,Nacua,WR,9493,WR9
"August 21, 2024",17.6,33.5,20.7,58.2,73.3,61.2,51.4,LV,Davante,Adams,WR,2133,WR10
"August 21, 2024",18.4,30.7,16.3,15.3,31.6,17.4,23.3,JAX,Travis,Etienne,RB,7543,RB8
"August 21, 2024",19.7,31.6,19.4,24,33.1,23.3,29.2,ATL,Drake,London,WR,8112,WR11
"August 21, 2024",20.5,34.4,18.6,47,69.5,49.9,47.8,BAL,Derrick,Henry,RB,3198,RB9
"August 21, 2024",20.8,27.9,25.6,43.4,50.7,45.4,31.9,KC,Travis,Kelce,TE,1466,TE1
"August 21, 2024",22.2,1.5,20.2,21,2.6,21.7,1.7,BUF,Josh,Allen,QB,4984,QB1
"August 21, 2024",23.4,31.8,22.6,19,30.4,20.5,25.8,NO,Chris,Olave,WR,8144,WR12
"August 21, 2024",24.8,26.6,30,15.1,25.8,15.5,23.6,DET,Sam,LaPorta,TE,10859,TE2
"August 21, 2024",25,44.2,23,26,41.9,25,34.8,MIA,De'Von,Achane,RB,9226,RB10
"August 21, 2024",26.6,35.6,26.4,25,37,26,31.8,SF,Brandon,Aiyuk,WR,6803,WR13
"August 21, 2024",27.5,41.3,24,30.4,53.6,31.8,33,GB,Josh,Jacobs,RB,5850,RB11
"August 21, 2024",27.6,45.6,27.4,31.4,54.9,33,36.2,KC,Isiah,Pacheco,RB,8205,RB12
"August 21, 2024",29.4,42.1,29.9,63.1,76,63.3,61.5,TB,Mike,Evans,WR,2216,WR14
"August 21, 2024",30.7,3.3,32.8,18.5,1.4,18.7,2.5,KC,Patrick,Mahomes,QB,4046,QB2
"August 21, 2024",31.1,53.5,33.5,36.8,46.4,36.8,46.7,HOU,Nico,Collins,WR,7569,WR15
"August 21, 2024",32.2,52.3,34.7,55.3,77.1,62.7,55.8,HOU,Stefon,Diggs,WR,2449,WR16
"August 21, 2024",33.3,55.3,27.4,55.9,67.8,55.3,57.9,SF,Deebo,Samuel,WR,5872,WR17
"August 21, 2024",34.4,7.8,36.3,33.1,6.1,34.1,11.6,BAL,Lamar,Jackson,QB,4881,QB3
"August 21, 2024",34.7,4.4,31.3,28.1,4.2,29.5,7.3,PHI,Jalen,Hurts,QB,6904,QB4
"August 21, 2024",36,46.7,34.9,27.4,36.8,27,35,MIA,Jaylen,Waddle,WR,7526,WR18
"August 21, 2024",37.1,54.7,38.6,39,52.4,39.9,41.1,CHI,DJ,Moore,WR,4983,WR19
"August 21, 2024",38.5,48,37.6,38,55.5,37.3,39.5,TB,Rachaad,White,RB,8136,RB13
"August 21, 2024",39,55.4,39.1,68.4,85,71.2,70.6,LAR,Cooper,Kupp,WR,4039,WR20
"August 21, 2024",40.8,43.7,44.7,31.5,44.7,35.7,37,IND,Michael,Pittman,WR,6819,WR21
"August 21, 2024",41.1,58.8,40.2,39.7,59.1,41.4,53.2,BUF,James,Cook,RB,8138,RB14
"August 21, 2024",41.4,8,46.2,22.5,3.1,23.8,6.8,HOU,C.J.,Stroud,QB,9758,QB5
"August 21, 2024",43.1,59,41.9,41.3,57.9,38.6,50.9,SEA,DK,Metcalf,WR,5846,WR22
"August 21, 2024",44,57.2,42,20.1,27.4,15.9,30.2,NYG,Malik,Nabers,WR,11632,WR23
"August 21, 2024",45.8,47.5,48.3,47.2,58.8,51.4,52.2,BAL,Mark,Andrews,TE,5012,TE3
"August 21, 2024",46,39.4,48.2,37.9,39.6,39.6,38.1,ARI,Trey,McBride,TE,8130,TE4
"August 21, 2024",47.7,63.7,43.2,57.2,79.8,59.1,63.4,HOU,Joe,Mixon,RB,4018,RB15
"August 21, 2024",48,63.6,50.9,63.2,87.7,69.5,71.9,NO,Alvin,Kamara,RB,4035,RB16
"August 21, 2024",48.7,60.6,47.3,29.5,45.1,30.2,47,PHI,DeVonta,Smith,WR,7525,WR24
"August 21, 2024",50.6,62.5,45.1,35.4,51.8,31.1,43.6,SEA,Kenneth,Walker,RB,8151,RB17
"August 21, 2024",51.6,49.8,51.3,44.7,43.6,44.3,44.6,BUF,Dalton,Kincaid,TE,10236,TE5
"August 21, 2024",52.7,70.9,52.7,42.5,55.9,42.1,60.2,BAL,Zay,Flowers,WR,9997,WR25
"August 21, 2024",53.2,69.3,58.9,74.6,82.4,78.5,73.4,SF,George,Kittle,TE,4217,TE6
"August 21, 2024",54,73.4,54.9,46.7,60.4,46.5,66.7,HOU,Tank,Dell,WR,9502,WR26
"August 21, 2024",55.3,61.1,61.3,49.7,49.5,47.5,54.7,ATL,Kyle,Pitts,TE,7553,TE7
"August 21, 2024",56,14.6,53.7,52.7,13,52.3,22.1,IND,Anthony,Richardson,QB,9229,QB6
"August 21, 2024",57,71.3,60.8,60.2,63.7,57.3,63.6,PIT,George,Pickens,WR,8137,WR27
"August 21, 2024",58.8,74.8,55.8,84,106.9,85.6,83.1,MIN,Aaron,Jones,RB,4199,RB18
"August 21, 2024",59.6,66.4,55.2,79.3,98.8,84.5,82.1,CLE,Amari,Cooper,WR,2309,WR28
"August 21, 2024",60.1,71.5,57.3,50.3,62.2,47.5,67.2,CIN,Tee,Higgins,WR,6801,WR29
"August 21, 2024",61.2,15.6,62.3,54.2,9.4,54.3,18,CIN,Joe,Burrow,QB,6770,QB7
"August 21, 2024",62.1,78.6,64.1,53.9,71.6,53.4,69.2,CHI,D'Andre,Swift,RB,6790,RB19
"August 21, 2024",62.5,84.1,59.7,100.8,121.4,101.6,110.4,ARI,James,Conner,RB,4137,RB20
"August 21, 2024",64.3,77.2,65.5,95.4,116.7,102.9,107,CHI,Keenan,Allen,WR,1479,WR30
"August 21, 2024",65.8,82.7,62.8,76.4,97.9,76.1,89.4,DET,David,Montgomery,RB,5892,RB21
"August 21, 2024",66.6,76.1,67.7,87.7,101.6,89.9,99.2,JAX,Christian,Kirk,WR,4950,WR31
"August 21, 2024",67.6,68.2,71.6,92.1,94.6,95.3,84.4,JAX,Evan,Engram,TE,4066,TE8
"August 21, 2024",68.7,81.1,68,82.6,92.2,83.2,91.6,WAS,Terry,McLaurin,WR,5927,WR32
"August 21, 2024",69.5,79.6,66.1,67.6,86.5,65,79,NE,Rhamondre,Stevenson,RB,7611,RB22
"August 21, 2024",69.7,95.5,81.7,66.3,78.8,68.9,87,KC,Rashee,Rice,WR,10229,WR33
"August 21, 2024",71.2,19.1,76.6,103.8,35,106.6,45.4,DAL,Dak,Prescott,QB,3294,QB8
"August 21, 2024",72.6,91.6,72.8,34.7,39.9,28.5,55.7,CHI,Rome,Odunze,WR,11620,WR34
"August 21, 2024",73.6,90.1,69.3,81.3,102.7,79.2,86.8,PIT,Najee,Harris,RB,7528,RB23
"August 21, 2024",74.6,87.5,74.1,73.7,81.7,75.5,90.6,GB,Jayden,Reed,WR,10222,WR35
"August 21, 2024",75,89.3,79.3,95.7,107.2,97.1,113,TB,Chris,Godwin,WR,4037,WR36
"August 21, 2024",76.7,95.7,76.3,59.1,65.3,55.5,74.8,KC,Xavier,Worthy,WR,11624,WR37
"August 21, 2024",76.9,102.6,78.5,79.5,103.1,79.8,103.5,TEN,Tony,Pollard,RB,5967,RB24
"August 21, 2024",78.1,21.4,69.9,90.7,23.7,87.2,39.2,ARI,Kyler,Murray,QB,5849,QB9
"August 21, 2024",79.8,83.1,83.2,45.2,47,43.3,59.9,LV,Brock,Bowers,TE,11604,TE9
"August 21, 2024",80.4,25.6,82.5,65.3,17.3,70.2,27.4,GB,Jordan,Love,QB,6804,QB10
"August 21, 2024",81.9,103.6,75.6,116.9,142.4,116.9,139.5,MIA,Raheem,Mostert,RB,2749,RB25
"August 21, 2024",82.2,93.9,73.8,83,95.1,81.2,101,LV,Zamir,White,RB,8139,RB26
"August 21, 2024",83.4,94.8,80.2,98.8,110.6,100.5,119.1,TEN,Calvin,Ridley,WR,4981,WR38
"August 21, 2024",84,87.4,87.6,89.1,91.5,90.7,97.3,CLE,David,Njoku,TE,4033,TE10
"August 21, 2024",85.1,99.7,83.5,61.2,68.1,60.8,79.5,MIN,Jordan,Addison,WR,9756,WR39
"August 21, 2024",86.6,85,85.5,85.1,88,87.1,94.3,DAL,Jake,Ferguson,TE,8110,TE11
"August 21, 2024",87,107.8,86.7,91,119.6,92.6,112,CLE,Nick,Chubb,RB,4988,RB27
"August 21, 2024",88.3,97.5,88,70,71.3,66.1,92.7,LAC,Ladd,McConkey,WR,11635,WR40
"August 21, 2024",89.8,92.7,92.1,105,111.6,107.4,115.1,KC,Hollywood,Brown,WR,5848,WR41
"August 21, 2024",90.2,29.8,97.5,97.1,31,103.1,49,SF,Brock,Purdy,QB,8183,QB11
"August 21, 2024",90.2,109.5,90.4,75.8,93.7,74.3,105.6,DEN,Javonte,Williams,RB,7588,RB28
"August 21, 2024",92.8,111.3,89,109.6,125.3,108.4,130.3,CIN,Zack,Moss,RB,6845,RB29
"August 21, 2024",93.8,113.6,95.5,108.8,134.3,110.4,127.8,WAS,Austin,Ekeler,RB,4663,RB30
"August 21, 2024",94.1,111.5,97.6,71,80,67.8,95.7,BUF,Keon,Coleman,WR,11637,WR42
"August 21, 2024",95,103.9,94.7,111.2,119.3,111.1,135.8,CAR,Diontae,Johnson,WR,5937,WR43
"August 21, 2024",96.9,114.5,101.6,126.5,148,135.5,151.5,TEN,DeAndre,Hopkins,WR,1426,WR44
"August 21, 2024",97.1,98.9,90,62.9,66.6,58.5,78.4,CAR,Jonathon,Brooks,RB,11583,RB31
"August 21, 2024",97.7,105.5,93.4,94.9,113.6,93.6,121.1,PIT,Jaylen,Warren,RB,8228,RB32
"August 21, 2024",99.5,116.6,96.5,111.4,132.2,111.1,141.9,NYG,Devin,Singletary,RB,6130,RB33
"August 21, 2024",100.8,115.2,102.2,69.7,75.4,63.7,100.7,SEA,Jaxon,Smith-Njigba,WR,9488,WR45
"August 21, 2024",101.4,38.6,99.4,51.3,11.7,50.6,28.7,CHI,Caleb,Williams,QB,11560,QB12
"August 21, 2024",102.2,110.7,107.4,117.8,124.4,119.4,132.1,PHI,Dallas,Goedert,TE,5022,TE12
"August 21, 2024",103.8,117.8,100.5,101.6,111.8,98,127,GB,Christian,Watson,WR,8167,WR46
"August 21, 2024",104.3,37.2,106.1,114.7,42.1,117.2,62.3,MIA,Tua,Tagovailoa,QB,6768,QB13
"August 21, 2024",104.6,119.5,104.5,77.3,74.8,71.5,108.2,JAX,Brian,Thomas,WR,11631,WR47
"August 21, 2024",106.7,118.6,118,119.5,126.9,121.1,140.1,HOU,Dalton,Schultz,TE,5001,TE13
"August 21, 2024",107.8,119.4,108.4,93.3,103.6,91.3,125.4,TEN,Tyjae,Spears,RB,9508,RB34
"August 21, 2024",108.8,126.1,103.9,106,127.2,105.6,146.8,WAS,Brian,Robinson,RB,8154,RB35
"August 21, 2024",109.9,39.4,113.8,122.1,47.1,127.5,71.2,DET,Jared,Goff,QB,3163,QB14
"August 21, 2024",110.2,106.2,118.7,71.6,70.1,77.1,85.5,MIN,T.J.,Hockenson,TE,5844,TE14
"August 21, 2024",111.2,125.4,111.1,110.1,123.3,109.2,142.6,DET,Jameson,Williams,WR,8148,WR48
"August 21, 2024",111.7,130.2,109.7,78.8,83.2,73.2,109.1,ARI,Trey,Benson,RB,11589,RB36
"August 21, 2024",113.5,123.3,104.3,128,149.9,122.2,157.3,LAC,Gus,Edwards,RB,5248,RB37
"August 21, 2024",114.3,127.9,110.8,141.8,161.5,140.5,162.2,DAL,Ezekiel,Elliott,RB,3164,RB38
"August 21, 2024",115.1,51.1,112,87.4,28.9,86.4,58.2,WAS,Jayden,Daniels,QB,11566,QB15
"August 21, 2024",116.8,132.6,114.2,134.5,150.2,132.2,167.9,DEN,Courtland,Sutton,WR,5045,WR49
"August 21, 2024",117.4,140.5,120,165.8,175.1,167.8,180,BUF,Curtis,Samuel,WR,4082,WR50
"August 21, 2024",118.4,135,117,119.6,137.5,118.5,159.5,CIN,Chase,Brown,RB,9224,RB39
"August 21, 2024",118.6,135.1,121.5,127,143.3,129.8,155.9,GB,Romeo,Doubs,WR,8121,WR51
"August 21, 2024",120.1,138.5,115.3,102.2,114.4,94.2,133.2,LAR,Blake,Corum,RB,11586,RB40
"August 21, 2024",121.5,127.7,129.7,115.7,118.6,115,135.9,CHI,Cole,Kmet,TE,6826,TE15
"August 21, 2024",122.7,139.4,116,133.8,151,130.7,166.9,CLE,Jerome,Ford,RB,8143,RB41
"August 21, 2024",123.9,134.5,122.5,146.3,167.7,151.3,175.8,SEA,Tyler,Lockett,WR,2374,WR52
"August 21, 2024",124,36.8,123,86.5,19.4,82,42.1,LAC,Justin,Herbert,QB,6797,QB16
"August 21, 2024",125.7,50.1,127,113.8,29.7,113.7,68.5,JAX,Trevor,Lawrence,QB,7523,QB17
"August 21, 2024",125.8,124.7,124.9,125.7,130.8,135.1,151.5,PIT,Pat,Freiermuth,TE,7600,TE16
"August 21, 2024",132.6,247.5,132.6,215.8,,234,266.7,BAL,Justin,Tucker,K,1264,K1
"August 21, 2024",134.6,249.4,134.6,218,,237.1,267.4,KC,Harrison,Butker,K,4227,K2
"August 21, 2024",138.8,247.8,138.8,221.6,,239.1,268.1,DAL,Brandon,Aubrey,K,11533,K3
"August 21, 2024",139.1,250.9,139.1,220.5,,239.5,269.8,CIN,Evan,McPherson,K,7839,K4
"August 21, 2024",142.7,142.8,125.9,140.6,153.9,141.9,172.7,BUF,Khalil,Shakir,WR,8134,WR53
"August 21, 2024",142.8,252.9,142.8,225,,278.3,271.2,ATL,Younghoe,Koo,K,4666,K5
"August 21, 2024",145.7,151.9,125.4,103.7,115.4,95.9,143.4,IND,Adonai,Mitchell,WR,11625,WR54
"August 21, 2024",146.3,143.1,144.5,145.1,159.6,143,175.7,LV,Jakobi,Meyers,WR,5947,WR55
"August 21, 2024",148.6,75.9,150.4,194.1,122.3,191.2,137.5,NYJ,Aaron,Rodgers,QB,96,QB18
"August 21, 2024",149.2,147.7,148.7,129.3,141.7,127.3,164,CLE,Jerry,Jeudy,WR,6783,WR56
"August 21, 2024",150.6,143.3,128.8,118.3,133.7,114.1,159.9,SEA,Zach,Charbonnet,RB,9753,RB42
"August 21, 2024",151.8,153.9,145.4,159.6,170.6,159.4,231.7,LAC,Joshua,Palmer,WR,7670,WR57
"August 21, 2024",152.2,148.9,149.2,99.4,109.8,99.4,147.1,CAR,Xavier,Legette,WR,11626,WR58
"August 21, 2024",153.4,151.3,130.6,147,169.7,147,179.9,CAR,Chuba,Hubbard,RB,7594,RB43
"August 21, 2024",153.5,141.2,153.9,143.2,147.3,145.9,165.2,GB,Luke,Musgrave,TE,9481,TE17
"August 21, 2024",155.3,158.7,131.8,151.6,166,149.9,178.8,LAC,J.K.,Dobbins,RB,6806,RB44
"August 21, 2024",156.6,161.6,155.6,219,226,157.6,156.6,,,,,SF,0
"August 21, 2024",156.8,145.7,147,162.1,179.9,161.3,227.9,NYJ,Mike,Williams,WR,4068,WR59
"August 21, 2024",157.4,67.7,152.8,159.9,89.7,172.4,111.1,ATL,Kirk,Cousins,QB,1166,QB19
"August 21, 2024",159.7,253.9,159.7,228.8,,279.8,271.6,PHI,Jake,Elliott,K,4195,K6
"August 21, 2024",160.2,163.1,146.6,183.5,199.7,185.9,255.2,DAL,Rico,Dowdle,RB,7021,RB45
"August 21, 2024",160.5,251.4,160.5,231.8,,281.6,270.3,SF,Jake,Moody,K,10937,K7
"August 21, 2024",162.8,65.3,166.3,200,105.6,208,124.1,LAR,Matthew,Stafford,QB,421,QB20
"August 21, 2024",163.4,162.5,155.2,132.4,140.9,124.1,173.5,MIA,Jaylen,Wright,RB,11643,RB46
"August 21, 2024",163.9,254.3,163.9,234.9,,284.7,275.1,HOU,Ka'imi,Fairbairn,K,3451,K8
"August 21, 2024",164.1,255.5,164.1,231.7,,286.4,274.5,LAC,Cameron,Dicker,K,8259,K9
"August 21, 2024",164.2,159.3,157.8,153,165.8,151.8,231.1,JAX,Gabe,Davis,WR,6943,WR60
"August 21, 2024",164.7,165.7,166.7,229,235,164.7,168.7,,,,,NYJ,0
"August 21, 2024",165.2,146.6,151.7,155,167.3,155.1,219.9,NO,Rashid,Shaheed,WR,8676,WR61
"August 21, 2024",165.4,290.7,165.4,233.8,,283.3,351.8,BUF,Tyler,Bass,K,7042,K10
"August 21, 2024",166.3,167.3,167.7,131.2,129.1,134.6,174.8,NE,Ja'Lynn,Polk,WR,11619,WR62
"August 21, 2024",167.1,79,178.6,191.8,90.8,206.2,118.3,TB,Baker,Mayfield,QB,4892,QB21
"August 21, 2024",167.6,170.5,153,178.6,194.1,177.6,244.3,MIN,Ty,Chandler,RB,8230,RB47
"August 21, 2024",169.5,173.4,156.9,150,175.5,148.2,242.3,ATL,Tyler,Allgeier,RB,8132,RB48
"August 21, 2024",170.8,159.7,177.8,138.5,131.6,138.9,171.5,WAS,Ben,Sinnott,TE,11596,TE18
"August 21, 2024",171.8,161.5,158.7,185.9,203.3,188.5,263.4,DAL,Brandin,Cooks,WR,2197,WR63
"August 21, 2024",172.7,175.6,179.3,190.2,215.7,199.3,258.2,CAR,Adam,Thielen,WR,1689,WR64
"August 21, 2024",173.9,164.3,172.9,124.3,139.3,123.4,203.9,IND,Josh,Downs,WR,9500,WR65
"August 21, 2024",174,154.5,190.3,169,173.1,175.3,222.7,TB,Cade,Otton,TE,8111,TE19
"August 21, 2024",179.5,165.8,169.7,156.6,163.7,156.2,245.1,GB,Dontayvion,Wicks,WR,9486,WR66
"August 21, 2024",181,182.3,192.9,142.5,156.4,143.7,226.5,BAL,Isaiah,Likely,TE,8131,TE20
"August 21, 2024",181.1,86.9,188.9,196.5,95.6,207.3,181.3,CLE,Deshaun,Watson,QB,4017,QB22
"August 21, 2024",183.2,155.1,167.9,203.1,215.3,201.1,255.4,NO,Taysom,Hill,TE,4381,TE21
"August 21, 2024",184.7,169.4,176.4,107.1,108.1,103.1,156.8,SF,Ricky,Pearsall,WR,11638,WR67
"August 21, 2024",185.5,166.3,174.3,166.4,187,165.2,254.4,NE,Antonio,Gibson,RB,6945,RB49
"August 21, 2024",186.4,156.7,173.1,130.8,138.2,125.7,177.1,NO,Kendre,Miller,RB,9757,RB50
"August 21, 2024",187.2,157.2,170.3,135.8,145.3,131,207.8,PHI,Jahan,Dotson,WR,8119,WR68
"August 21, 2024",188,177.8,194.7,207.4,211.6,213.9,298.3,NE,Hunter,Henry,TE,3214,TE22
"August 21, 2024",188.5,174.9,175,197.1,204.9,191.6,261.7,DEN,Jaleel,McLaughlin,RB,11439,RB51
"August 21, 2024",188.7,289.2,188.7,235.9,,291.1,353.1,MIA,Jason,Sanders,K,5119,K11
"August 21, 2024",190.6,172.9,181.6,121.6,135.1,119.7,170.8,DEN,Troy,Franklin,WR,11627,WR69
"August 21, 2024",191.9,171.2,171.9,135.3,143.6,126.5,201.7,GB,MarShawn,Lloyd,RB,11581,RB52
"August 21, 2024",192.6,181.5,181.6,181.2,193.9,181.3,262.1,ATL,Darnell,Mooney,WR,7090,WR70
"August 21, 2024",193.4,178.7,202.4,236,227.4,246.4,309.7,NYJ,Tyler,Conklin,TE,5133,TE23
"August 21, 2024",194.6,180.3,180,167,164.4,159.1,233.5,LAC,Kimani,Vidal,RB,11647,RB53
"August 21, 2024",195.2,167.3,193.8,143.1,155,142.3,213.8,LAC,Quentin,Johnston,WR,9754,WR71
"August 21, 2024",195.4,183.6,195.3,177.8,185.2,178.9,295.1,NE,DeMario,Douglas,WR,9501,WR72
"August 21, 2024",197.1,187.7,183.5,174.1,186.9,167.1,235.7,BUF,Ray,Davis,RB,11575,RB54
"August 21, 2024",198.1,205.1,205.1,220,218,198.1,196.1,DAL,Dallas,Cowboys,DEF,DAL,DEF1
"August 21, 2024",198.9,207.6,191,164.8,188.2,162.4,260.5,NYJ,Braelon,Allen,RB,11576,RB55
"August 21, 2024",199.1,188.3,195.3,193.6,195.1,183.3,257.1,NYG,Tyrone,Tracy,RB,11655,RB56
"August 21, 2024",200.2,203.5,197.6,211.5,223.1,204.5,339.6,SF,Elijah,Mitchell,RB,7561,RB57
"August 21, 2024",201.4,183.5,200,137.8,146.4,137.6,209.8,PIT,Roman,Wilson,WR,11630,WR73
"August 21, 2024",202.9,205.9,203.9,225,222,205.9,198.9,BAL,Baltimore,Ravens,DEF,BAL,DEF2
"August 21, 2024",205.1,100.7,204.1,191.2,100.5,179,182.8,TEN,Will,Levis,QB,9999,QB23
"August 21, 2024",206.9,137.7,220.8,161.6,99.9,158.6,183.2,DEN,Bo,Nix,QB,11563,QB24
"August 21, 2024",207.1,209.1,208.1,256,249,208.1,209.1,CLE,Cleveland,Browns,DEF,CLE,DEF3
"August 21, 2024",207.2,205.2,214.2,281,278,210.2,212.2,,,,,TB,0
"August 21, 2024",207.9,199.2,199.3,158.3,178.7,166,253.9,TB,Bucky,Irving,RB,11584,RB58
"August 21, 2024",207.9,208.9,207.9,246,246,204.9,208.9,,,,,PIT,0
"August 21, 2024",208.4,149,209.2,195.3,127.1,187.6,194.9,PIT,Justin,Fields,QB,7591,QB25
"August 21, 2024",208.9,214.9,208.9,,,213.9,213.9,MIA,,,,MIA,0
"August 21, 2024",209.4,186.7,205.8,148.7,158.8,146.9,236.7,CIN,Jermaine,Burton,WR,11640,WR74
"August 21, 2024",209.6,101.8,206.4,275.1,135.2,249.8,190.6,SEA,Geno,Smith,QB,1373,QB26
"August 21, 2024",210.7,213.7,214.7,,,207.7,214.7,,,,,WAS,0
"August 21, 2024",211.2,198.9,208.9,189.5,199.7,189.7,327.4,BAL,Rashod,Bateman,WR,7571,WR75
"August 21, 2024",211.2,211.2,209.2,243,243,208.2,211.2,,,,,PHI,0
"August 21, 2024",212.4,185.3,202.5,173.9,198.5,173.1,247.5,HOU,Dameon,Pierce,RB,8129,RB59
"August 21, 2024",212.8,211.8,205.8,248,247,209.8,213.8,KC,,,,KC,0
"August 21, 2024",213.8,175.5,211.9,179.3,174.4,183.8,225.8,TEN,Chigoziem,Okonkwo,TE,8210,TE24
"August 21, 2024",214.6,209.3,207.6,151.8,182,153.3,252.8,WAS,Luke,McCaffrey,WR,11650,WR76
"August 21, 2024",215.3,197.5,198.2,187.8,214.6,190.7,318.8,CHI,Khalil,Herbert,RB,7608,RB60
"August 21, 2024",215.5,,215.5,,,,,SEA,Jason,Myers,K,2747,K12
"August 21, 2024",215.9,209.9,216.9,,,215.9,217.9,,,,,SEA,0
"August 21, 2024",216.7,190.9,201.7,176,172.8,174.7,293.6,ARI,Michael,Wilson,WR,10232,WR77
"August 21, 2024",216.9,191,223.2,207.5,212.9,215.3,324.6,SEA,Noah,Fant,TE,5857,TE25
"August 21, 2024",218.5,204.5,233.8,249.2,237.9,228.7,367.3,CIN,Mike,Gesicki,TE,4993,TE26
"August 21, 2024",219.2,291.9,219.2,267.8,,,354,LV,Daniel,Carlson,K,5095,K13
"August 21, 2024",219.9,195.2,231,199.6,205.4,197.6,317.3,NYG,Wan'Dale,Robinson,WR,8126,WR78
"August 21, 2024",220.9,,230.4,123.4,75,133.2,,MIN,J.J.,McCarthy,QB,11565,QB27
"August 21, 2024",221.4,193.3,232.4,154.3,157.5,154.5,205.6,CAR,Ja'Tavion,Sanders,TE,11600,TE27
"August 21, 2024",222.6,129.7,226.5,139.1,63.4,139.5,114.8,NE,Drake,Maye,QB,11564,QB28
"August 21, 2024",223,194.8,212.2,149.9,162.1,150.8,234.8,NYJ,Malachi,Corley,WR,11617,WR79
"August 21, 2024",224,223.3,221.5,239.5,243.5,222,383.9,KC,Clyde,Edwards-Helaire,RB,6820,RB61
"August 21, 2024",225.3,121.6,228.5,157.8,84.9,169.8,183.9,CAR,Bryce,Young,QB,9228,QB29
"August 21, 2024",226.7,191.7,209.6,167.2,183.3,157.5,294.5,DEN,Marvin,Mims,WR,9494,WR80
"August 21, 2024",227.7,211.2,213.6,175.3,190.8,175.7,265.8,DEN,Audric,Estime,RB,11579,RB62
"August 21, 2024",228.4,205.7,237.3,170.1,171.3,170,259.7,NE,Javon,Baker,WR,11645,WR81
"August 21, 2024",229.6,199.3,236.6,163.6,181.8,164.1,263.4,CHI,Roschon,Johnson,RB,10235,RB63
"August 21, 2024",230.5,212.8,239.3,,262.2,,,MIA,Jonnu,Smith,TE,4144,TE28
"August 21, 2024",231,210.4,229.3,213.8,226.6,202.6,340.2,LV,Alexander,Mattison,RB,5987,RB64
"August 21, 2024",239.6,179.2,254.3,,213.7,,327.2,MIN,Sam,Darnold,QB,4943,QB30
"August 21, 2024",240.2,257.5,253.5,,292.2,297.8,,BAL,Justice,Hill,RB,5995,RB65
"August 21, 2024",241.8,207,235.8,180.8,183.9,180.6,299.5,TB,Jalen,McMillan,WR,11618,WR82
"August 21, 2024",242.9,220.4,243.1,239.6,235,219.9,343.2,TEN,Tyler,Boyd,WR,3225,WR83
"August 21, 2024",243.7,230.5,234,206.6,228.8,212.7,341.9,GB,AJ,Dillon,RB,6828,RB66
"August 21, 2024",244.1,215.4,258.1,198.8,197.2,199.2,290.6,NYG,Theo,Johnson,TE,11597,TE29
"August 21, 2024",244.2,214.4,225.2,271.1,278.5,247.7,386.6,LAR,Demarcus,Robinson,WR,3286,WR84
"August 21, 2024",246.7,225.6,222,204.1,210.9,198.4,338.9,JAX,Tank,Bigsby,RB,9225,RB67
"August 21, 2024",247,229.4,223.5,183,206.8,182.5,319.3,PHI,Will,Shipley,RB,11577,RB68
"August 21, 2024",248,217.9,227.4,245.1,244.2,223.1,397.3,ARI,Greg,Dortch,WR,5970,WR85
"August 21, 2024",249.1,234.9,255.8,277,247.7,253.2,,DAL,Jalen,Tolbert,WR,8117,WR86
"August 21, 2024",250.9,131,246.8,285.4,159.1,270.7,215.1,PIT,Russell,Wilson,QB,1234,QB31
"August 21, 2024",251.6,233.5,270.7,257.6,249.5,262.1,,BUF,Dawson,Knox,TE,5906,TE30
"August 21, 2024",251.8,235.4,247.9,253.6,251.5,231.5,,MIA,Odell,Beckham,WR,2078,WR87
"August 21, 2024",253.1,258.1,259.1,,,261.1,259.1,,,,,TEN,0
"August 21, 2024",253.3,122.2,244.4,292.8,154.1,,206.7,NO,Derek,Carr,QB,2028,QB32
"August 21, 2024",254,215.8,262.4,278.7,246.2,298.1,,LAR,Colby,Parkinson,TE,6865,TE31
"August 21, 2024",255.5,255.5,261.5,,,255.5,254.5,HOU,Houston,Texans,DEF,HOU,DEF4
"August 21, 2024",255.6,219.6,237.3,171.4,180.3,163.4,306.2,BAL,Keaton,Mitchell,RB,9511,RB69
"August 21, 2024",256.2,228.3,241.5,251.2,239.5,225.8,,LAC,DJ,Chark,WR,4951,WR88
"August 21, 2024",257.3,133.9,240.9,282.8,151.9,260.1,273.2,NYG,Daniel,Jones,QB,5870,QB33
"August 21, 2024",258,218.2,264.5,238.4,207.2,214.7,361.2,DEN,Greg,Dulcich,TE,8172,TE32
"August 21, 2024",258.2,226,263.1,,281.4,,,WAS,Zach,Ertz,TE,1339,TE33
"August 21, 2024",260.2,150.2,268.3,,177.1,,281.5,LV,Gardner,Minshew,QB,6011,QB34
"August 21, 2024",260.2,258.2,265.2,,,265.2,265.2,,,,,NYG,0
"August 21, 2024",260.5,257.5,259.5,225,222,259.5,253.5,BUF,Buffalo,Bills,DEF,BUF,DEF5
"August 21, 2024",260.5,252.5,254.5,,,258.5,260.5,DET,Detroit,Lions,DEF,DET,DEF6
"August 21, 2024",261.4,231.6,256.8,212.8,220.6,210.4,342.1,LV,Dylan,Laube,RB,11574,RB70
"August 21, 2024",261.4,258.4,262.4,,,257.4,262.4,LV,,,,LV,0
"August 21, 2024",262.5,201.7,274.2,202.5,189.6,195.4,332,GB,Tucker,Kraft,TE,9484,TE34
"August 21, 2024",263.1,261.1,257.1,,,263.1,264.1,,,,,NO,0
"August 21, 2024",263.4,270.2,265.9,182.7,201.4,186.3,316.3,LAC,Brenden,Rice,WR,11621,WR89
"August 21, 2024",263.9,256,257.4,,277.2,292.3,,IND,Trey,Sermon,RB,7593,RB71
"August 21, 2024",264.1,239.4,242.4,201.2,209.2,194.2,333,SF,Isaac,Guerendo,RB,11651,RB72
"August 21, 2024",264.2,267.2,265.2,,,260.2,264.2,,,,,MIN,0
"August 21, 2024",265.3,223.2,272.2,254.1,245.4,231.7,,ARI,Zay,Jones,WR,4080,WR90
"August 21, 2024",265.8,242.5,269.2,205.5,217.7,203.7,377.7,NYG,Jalin,Hyatt,WR,9497,WR91
"August 21, 2024",266.5,266.5,257.5,279,276,264.5,262.5,,,,,NE,0
"August 21, 2024",266.9,196.9,260.7,172.3,117.2,171,193.7,ATL,Michael,Penix,QB,11559,QB35
"August 21, 2024",267.2,227.9,271.1,186.3,202.8,196.1,308.7,BAL,Devontez,Walker,WR,11629,WR92
"August 21, 2024",268.7,213.1,276.3,188.5,191.4,193.8,289.7,LV,Michael,Mayer,TE,9482,TE35
"August 21, 2024",269.7,237.4,244.5,294.2,266.1,266.5,,CLE,D'Onta,Foreman,RB,4111,RB73
"August 21, 2024",270.5,263.5,261.8,255.1,247,230.8,,PHI,Kenneth,Gainwell,RB,7567,RB74
"August 21, 2024",270.8,222.4,265.5,255.7,229,257,,IND,Jelani,Woods,TE,8219,TE36
"August 21, 2024",271.4,206.1,248.4,,242.3,275.4,,NO,Juwan,Johnson,TE,7002,TE37
"August 21, 2024",272,,,,,,,DEN,Ty'Son,Williams,RB,7098,RB75
"August 21, 2024",273,,,,,,,DEN,Anthony,Jones,RB,7424,RB76
"August 21, 2024",274,,,,,,,MIA,Marqise,Lee,WR,1987,WR93
"August 21, 2024",275,,,,,,,CHI,K.J.,Costello,QB,8087,QB36
"August 21, 2024",275.8,231.7,287.6,,290.5,,,LAC,Hayden,Hurst,TE,4973,TE38
"August 21, 2024",276.2,241.5,267,215.5,223.4,217.9,,CLE,Elijah,Moore,WR,7596,WR94
"August 21, 2024",278.2,239.5,272.6,,269.3,271.2,,NYG,Darius,Slayton,WR,6149,WR95
"August 21, 2024",279,,,,,,,ARI,Charlie,Taumoepeau,TE,6932,TE39
"August 21, 2024",279.2,263.1,281.8,209.3,219.7,211.7,389.5,MIA,Malik,Washington,WR,11610,WR96
"August 21, 2024",279.7,238,292.5,,258.3,,,NYG,Daniel,Bellinger,TE,8225,TE40
"August 21, 2024",280,,,,,,,MIA,Anthony,McFarland,RB,6878,RB77
"August 21, 2024",281,,,,,,,BAL,Dylan,McDuffie,RB,12283,RB78
"August 21, 2024",281.7,243.2,275.7,,285.4,,,NE,Kendrick,Bourne,WR,4454,WR97
"August 21, 2024",282,,,,,,,NO,Mike,Weber,RB,6159,RB79
"August 21, 2024",282.8,268.3,295.1,258.7,238.2,255.7,,NO,A.T.,Perry,WR,10863,WR98
"August 21, 2024",283,,,,,,,PIT,MyCole,Pruitt,TE,2446,TE41
"August 21, 2024",283.8,271.6,271.7,252,234.4,226.1,,ATL,Rondale,Moore,WR,7601,WR99
"August 21, 2024",285,,,,,,,ATL,Jon,Hilliman,RB,6446,RB80
"August 21, 2024",285.5,,,,,,,BAL,Jazz,Ferguson,WR,5997,WR100
"August 21, 2024",286,275.1,284.7,242,230.4,218.3,,BAL,Rasheen,Ali,RB,11570,RB81
"August 21, 2024",286,,,,,,,DEN,Jalen,Virgil,WR,8416,WR101
"August 21, 2024",287,,,,,,,PHI,Jhamon,Ausbon,WR,7582,WR102
"August 21, 2024",287.6,,,,,,,IND,Brandon,McManus,K,1433,K14
"August 21, 2024",288,,294,,,,,WAS,James,White,RB,1848,RB82
"August 21, 2024",289,,,,,,,IND,Ethan,Fernea,WR,8831,WR103
"August 21, 2024",289.8,286.8,284.8,,,285.8,289.8,CHI,Chicago,Bears,DEF,CHI,DEF7
"August 21, 2024",289.9,,279.7,289.5,270.1,258.2,,DAL,Deuce,Vaughn,RB,9505,RB83
"August 21, 2024",290,,,,,,,IND,Eric,Tomlinson,TE,2755,TE42
"August 21, 2024",290,,,,,,,SF,J.D.,McKissic,RB,3664,RB84
"August 21, 2024",290.6,189.8,294.1,,207.8,,326.3,LV,Aidan,O'Connell,QB,10866,QB37
"August 21, 2024",290.8,289.8,296.8,284,282,295.8,298.8,JAX,,,,JAX,0
"August 21, 2024",291,258.8,283.4,,287.7,,,LV,Tre,Tucker,WR,10213,WR104
"August 21, 2024",292,,,,,,,CLE,Corey,Clement,RB,4651,RB85
"August 21, 2024",293,290,295,,,295,294,IND,Indianapolis,Colts,DEF,IND,DEF8
"August 21, 2024",293,,,,,,,IND,Speedy,Noil,WR,4938,WR105
"August 21, 2024",293.5,269.8,293.5,286.5,265.5,269.2,,NE,K.J.,Osborn,WR,7066,WR106
"August 21, 2024",293.6,293.6,292.6,283,284,290.6,291.6,GB,Green Bay,Packers,DEF,GB,DEF9
"August 21, 2024",294,,,,,,,SEA,Peter,LeBlanc,WR,12373,WR107
"August 21, 2024",294.4,278.7,258.7,260.5,297.8,255.4,,NO,Jamaal,Williams,RB,4149,RB86
"August 21, 2024",295,,,,,,,CAR,Eli,Stove,WR,7935,WR108
"August 21, 2024",295.5,,,,,,,NE,Caleb,Huntley,RB,7741,RB87
"August 21, 2024",295.8,267,290.2,,,,,DEN,Samaje,Perine,RB,4147,RB88
"August 21, 2024",295.9,288.9,294.9,,,287.9,293.9,LAR,,,,LAR,0
"August 21, 2024",296,292,292,,,290,298,LAC,,,,LAC,0
"August 21, 2024",296,,,,,,,CLE,Amba,Etta-Tawo,WR,4626,WR109
"August 21, 2024",296,,,,,,,NYG,Clayton,Thorson,QB,6147,QB38
"August 21, 2024",296.3,,,,286.7,277.7,,KC,Kadarius,Toney,WR,7606,WR110
"August 21, 2024",296.4,281.9,,,,,,LAR,Tyler,Higbee,TE,3271,TE43
"August 21, 2024",297,,,,,,,LAR,Cole,McDonald,QB,6954,QB39
"August 21, 2024",297.4,259.1,,274.6,267.3,295.1,,NYG,Eric,Gray,RB,10223,RB89
"August 21, 2024",298,,,,,,,CIN,Malcolm,Brown,RB,2588,RB90
"August 21, 2024",298,,,,,,,TEN,Ray,Lawry,RB,5252,RB91
"August 21, 2024",298.2,279.5,285.4,246.1,233.8,223.5,,CAR,Jonathan,Mingo,WR,10225,WR111
"August 21, 2024",299.9,279.2,287.3,,,,,DEN,Josh,Reynolds,WR,4171,WR112
"August 21, 2024",300,,,,,,,TB,Ja'Quan,Gardner,RB,5809,RB92
"August 21, 2024",,262.5,,244,191.6,247.4,314.2,NO,Spencer,Rattler,QB,11562,QB40
"August 21, 2024",,221.8,,,196.4,,337.8,SEA,Sam,Howell,QB,8162,QB41
"August 21, 2024",,,,287.5,218.3,273.2,,NYJ,Jordan,Travis,QB,11567,QB42
"August 21, 2024",,266.2,282.1,214.8,221.1,209.2,393.5,TEN,Treylon,Burks,WR,8135,WR113
"August 21, 2024",,,,250.2,222.2,227.3,390.2,CIN,Erick,All,TE,11592,TE44
"August 21, 2024",,,,237.2,225.6,215.4,394.5,HOU,Cade,Stover,TE,11599,TE45
"August 21, 2024",,,,,231.8,,,DAL,Trey,Lance,QB,7610,QB43
"August 21, 2024",,,,247.2,231.9,229.7,,SF,Jacob,Cowing,WR,11616,WR114
"August 21, 2024",,,,241.2,236.8,220.6,,KC,Jared,Wiley,TE,11595,TE46
"August 21, 2024",,,286.3,210.7,239.5,205.5,,BUF,Frank,Gore,RB,11573,RB93
"August 21, 2024",,202.3,,,241.5,,395,NE,Jacoby,Brissett,QB,3257,QB44
"August 21, 2024",,261.3,,,250.1,,,NYG,Drew,Lock,QB,5854,QB45
"August 21, 2024",,265,291.3,259.9,252.8,233.3,,CAR,Miles,Sanders,RB,6151,RB94
"August 21, 2024",,298,,243.9,253.4,221.6,,KC,Louis,Rees-Zammit,RB,11652,RB95
"August 21, 2024",,,,291.6,254.7,252.1,,PHI,Johnny,Wilson,WR,11636,WR115
"August 21, 2024",,273.2,,,255.3,,,CIN,Jake,Browning,QB,6111,QB46
"August 21, 2024",,,,,255.3,,,DET,Hendon,Hooker,QB,9998,QB47
"August 21, 2024",,,,298.9,257.2,274.9,,TB,Trey,Palmer,WR,9492,WR116
"August 21, 2024",,,,,259.7,,,NE,Joe,Milton,QB,11557,QB48
"August 21, 2024",,,,293.7,260.7,,,NE,Jaheim,Bell,TE,11605,TE47
"August 21, 2024",,,,261,261,,,DEN,Denver,Broncos,DEF,DEN,DEF10
"August 21, 2024",,,289.3,297.7,261.8,264,,IND,Evan,Hull,RB,9220,RB96
"August 21, 2024",,295.2,,284.9,263,251.2,,CIN,Andrei,Iosivas,WR,10226,WR117
"August 21, 2024",,274.1,278.5,281.7,263.1,261.6,,SF,Chase,Claypool,WR,6886,WR118
"August 21, 2024",,,,299.4,268.4,267.7,,PHI,Ainias,Smith,WR,11615,WR119
"August 21, 2024",,,,279.3,271.8,250.1,,LAC,Cornelius,Johnson,WR,11815,WR120
"August 21, 2024",,299.2,,,272,,,CLE,Cedric,Tillman,WR,10444,WR121
"August 21, 2024",,,,,273.5,,,CLE,Jamari,Thrash,WR,11633,WR122
"August 21, 2024",,,,295.4,274,268.3,,IND,Alec,Pierce,WR,8142,WR123
"August 21, 2024",,,,,275.5,259.8,,NYJ,Isaiah,Davis,RB,11571,RB97
"August 21, 2024",,,,,276.5,276.1,,NYJ,Israel,Abanikanda,RB,9227,RB98
"August 21, 2024",,236.4,,,279.3,,,IND,Joe,Flacco,QB,19,QB49
"August 21, 2024",,260.3,,,279.7,,,CLE,Jameis,Winston,QB,2306,QB50
"August 21, 2024",,,,290.3,282.3,,,CAR,Jalen,Coker,WR,11646,WR124
"August 21, 2024",,,,276.4,283.8,,,DAL,Ryan,Flournoy,WR,11783,WR125
"August 21, 2024",,,,279.7,284.8,271,,LAR,Tutu,Atwell,WR,7562,WR126
"August 21, 2024",,,,288,287.7,,,NO,Bub,Means,WR,11748,WR127
"August 21, 2024",,,,,289,,,PHI,Kenny,Pickett,QB,8160,QB51
"August 21, 2024",,,,,291.7,,,DEN,Dillon,Johnson,RB,11580,RB99
"August 21, 2024",,,,,293.1,299.2,,WAS,Chris,Rodriguez,RB,10219,RB100
"August 21, 2024",,,,295.6,294.4,,,DEN,Blake,Watson,RB,11568,RB101
"August 21, 2024",,,,283.1,295.5,265.2,,HOU,John,Metchie,WR,8147,WR128
"August 21, 2024",,,,,295.5,,,HOU,Cam,Akers,RB,6938,RB102
"August 21, 2024",,,,,298.1,,,DEN,Zach,Wilson,QB,7538,QB52
"August 21, 2024",,,,,299.6,,,ARI,Desmond,Ridder,QB,8159,QB53
"August 21, 2024",,271.7,,,,,,DEN,Jarrett,Stidham,QB,6136,QB54
"August 21, 2024",,276.9,,,,,,CHI,Gerald,Everett,TE,4089,TE48
"August 21, 2024",,277.3,,,,,,BUF,Marquez,Valdes-Scantling,WR,5086,WR129
"August 21, 2024",,292,,,,,,PIT,Cordarrelle,Patterson,RB,1535,RB103
"August 21, 2024",,293.7,,,,,,NYJ,Xavier,Gipson,WR,11306,WR130
"August 21, 2024",,294,,,,,,SF,Jauan,Jennings,WR,7049,WR131
"August 21, 2024",,295.9,,,,,,PIT,Van,Jefferson,WR,6853,WR132
"August 21, 2024",,297.5,,,,,,PIT,Calvin,Austin,WR,8125,WR133
"August 21, 2024",,,,247.8,,254.8,,HOU,Dalvin,Cook,RB,4029,RB104
"August 21, 2024",,,,261.3,,263.3,,LAR,JuJu,Smith-Schuster,WR,4040,WR134
"August 21, 2024",,,,268.1,,,,IND,Matt,Gay,K,6083,K15
"August 21, 2024",,,250.6,,,,,SF,Jordan,Mason,RB,8408,RB105
"August 21, 2024",,,277,,,,,HOU,Davis,Cheek,QB,8560,QB55
"August 21, 2024",,,278,,,,,CHI,Albert,Wilson,WR,2025,WR135
"August 21, 2024",,,279,,,,,NYJ,Peewee,Jarrett,QB,12239,QB56
"August 21, 2024",,,281,,,,,KC,Larry,Rose,RB,5618,RB106
"August 21, 2024",,,282,,,,,HOU,J.J.,Taylor,RB,6973,RB107
"August 21, 2024",,,283,,,,,CLE,Austin,Aune,QB,11491,QB57
"August 21, 2024",,,284,,,,,SEA,Kevin,White,WR,2312,WR136
"August 21, 2024",,,285,,,,,TB,Isaiah,Bowser,RB,11431,RB108
"August 21, 2024",,,286,,,,,ATL,Zay,Malone,WR,11189,WR137
"August 21, 2024",,,287,,,,,WAS,Stephen,Baggett,TE,5609,TE49
"August 21, 2024",,,288,,,,,MIN,Mark,Ingram,RB,956,RB109
"August 21, 2024",,,289,,,,,BAL,Jamize,Olawale,FB,1308,FB1
"August 21, 2024",,,290,,,,,MIA,Elijah,Marks,WR,5548,WR138
"August 21, 2024",,,291,,,,,WAS,Wendell,Smallwood,RB,3309,RB110
"August 21, 2024",,,292,,,,,DAL,Nick,Keizer,TE,5465,TE50
"August 21, 2024",,,293.5,,,,,IND,Mo,Alie-Cox,TE,4054,TE51
"August 21, 2024",,,295,,,,,MIA,Anthony,Johnson,WR,5929,WR139
"August 21, 2024",,,296,,,,,HOU,Jason,Witten,TE,23,TE52
"August 21, 2024",,,297,,,,,JAX,Vernon,Davis,TE,200,TE53
"August 21, 2024",,,298,,,,,DAL,De'Lance,Turner,RB,5464,RB111
"August 21, 2024",,,299,,,,,MIA,Nick,Sharga,FB,5355,FB2
"August 21, 2024",,,,,,,65.2,DAL,Micah,Parsons,LB,7640,LB1
"August 21, 2024",,,,,,,75.3,JAX,Foyesade,Oluokun,LB,5332,LB2
"August 21, 2024",,,,,,,76.8,LV,Maxx,Crosby,DE,5991,DE1
"August 21, 2024",,,,,,,77.7,PIT,T.J.,Watt,LB,4070,LB3
"August 21, 2024",,,,,,,81.2,BAL,Roquan,Smith,LB,4960,LB4
"August 21, 2024",,,,,,,87.3,DET,Aidan,Hutchinson,DL,8289,DL1
"August 21, 2024",,,,,,,93.8,IND,Zaire,Franklin,LB,5346,LB5
"August 21, 2024",,,,,,,95.8,SF,Nick,Bosa,DE,5816,DE2
"August 21, 2024",,,,,,,102,CLE,Myles,Garrett,DE,3973,DE3
"August 21, 2024",,,,,,,103.9,SF,Fred,Warner,LB,5041,LB6
"August 21, 2024",,,,,,,106.9,HOU,Will,Anderson,LB,10892,LB7
"August 21, 2024",,,,,,,116.2,CHI,T.J.,Edwards,LB,5960,LB8
"August 21, 2024",,,,,,,117.9,JAX,Josh,Hines-Allen,DE,5840,DE4
"August 21, 2024",,,,,,,119.2,NYG,Bobby,Okereke,LB,5944,LB9
"August 21, 2024",,,,,,,122.3,BAL,Kyle,Hamilton,DB,8339,DB1
"August 21, 2024",,,,,,,123.4,TB,Antoine,Winfield,DB,6888,DB2
"August 21, 2024",,,,,,,126.2,LAR,Ernest,Jones,LB,7672,LB10
"August 21, 2024",,,,,,,129.4,HOU,Danielle,Hunter,DE,2393,DE5
"August 21, 2024",,,,,,,131.3,KC,Nick,Bolton,LB,7648,LB11
"August 21, 2024",,,,,,,134.5,PIT,Patrick,Queen,LB,6807,LB12
"August 21, 2024",,,,,,,138.8,NYG,Kayvon,Thibodeaux,DL,8355,DL2
"August 21, 2024",,,,,,,143.1,ATL,Jessie,Bates,DB,5017,DB3
"August 21, 2024",,,,,,,145.7,LAC,Derwin,James,DB,4971,DB4
"August 21, 2024",,,,,,,148.9,NYJ,Sauce,Gardner,DB,8290,DB5
"August 21, 2024",,,,,,,149.1,BUF,Terrel,Bernard,LB,8311,LB13
"August 21, 2024",,,,,,,150.5,CHI,Montez,Sweat,DE,6124,DE6
"August 21, 2024",,,,,,,153.1,DEN,Alex,Singleton,LB,2617,LB14
"August 21, 2024",,,,,,,154.4,NYG,Brian,Burns,DE,5862,DE7
"August 21, 2024",,,,,,,158.8,NYJ,Quincy,Williams,LB,6214,LB15
"August 21, 2024",,,,,,,161.4,GB,Xavier,McKinney,DB,6788,DB6
"August 21, 2024",,,,,,,163.2,IND,DeForest,Buckner,DT,3172,DT1
"August 21, 2024",,,,,,,167.4,IND,Laiatu,Latu,DL,11669,DL3
"August 21, 2024",,,,,,,169.4,MIN,Dallas,Turner,LB,11667,LB16
"August 21, 2024",,,,,,,185.8,GB,Quay,Walker,LB,8266,LB17
"August 21, 2024",,,,,,,186.4,MIA,Jordyn,Brooks,LB,6949,LB18
"August 21, 2024",,,,,,,187.5,MIN,Camryn,Bynum,DB,7715,DB7
"August 21, 2024",,,,,,,188.8,LV,Christian,Wilkins,DT,6120,DT2
"August 21, 2024",,,,,,,189.6,HOU,Azeez,Al-Shaair,LB,6485,LB19
"August 21, 2024",,,,,,,191,CIN,Logan,Wilson,LB,6880,LB20
"August 21, 2024",,,,,,,191.6,DET,Brian,Branch,DB,10905,DB8
"August 21, 2024",,,,,,,195.6,NYJ,Quinnen,Williams,DT,6118,DT3
"August 21, 2024",,,,,,,196.9,MIN,Ivan,Pace,LB,11086,LB21
"August 21, 2024",,,,,,,197.7,PIT,Minkah,Fitzpatrick,DB,4963,DB9
"August 21, 2024",,,,,,,198.5,SEA,Devon,Witherspoon,DB,10891,DB10
"August 21, 2024",,,,,,,199.7,PHI,Jalen,Carter,DL,10888,DL4
"August 21, 2024",,,,,,,199.8,JAX,Devin,Lloyd,LB,8329,LB22
"August 21, 2024",,,,,,,202.9,SEA,Julian,Love,DB,5876,DB11
"August 21, 2024",,,,,,,204.1,WAS,Bobby,Wagner,LB,1233,LB23
"August 21, 2024",,,,,,,207,CHI,Jaquan,Brisker,DB,8323,DB12
"August 21, 2024",,,,,,,210.3,DEN,Pat,Surtain,CB,7641,CB1
"August 21, 2024",,,,,,,211.2,CIN,Trey,Hendrickson,DE,4135,DE8
"August 21, 2024",,,,,,,212.5,LAC,Junior,Colson,LB,11701,LB24
"August 21, 2024",,,,,,,214.2,CLE,Jeremiah,Owusu-Koramoah,LB,7651,LB25
"August 21, 2024",,,,,,,215.8,NYJ,C.J.,Mosley,LB,1875,LB26
"August 21, 2024",,,,,,,217.5,KC,Trent,McDuffie,DB,8364,DB13
"August 21, 2024",,,,,,,218.7,MIN,Joshua,Metellus,DB,6901,DB14
"August 21, 2024",,,,,,,220.1,GB,Edgerrin,Cooper,LB,11687,LB27
"August 21, 2024",,,,,,,221,LAR,Jared,Verse,DL,11665,DL5
"August 21, 2024",,,,,,,223.6,JAX,Travon,Walker,LB,8265,LB28
"August 21, 2024",,,,,,,223.7,CHI,Tremaine,Edmunds,LB,4968,LB29
"August 21, 2024",,,,,,,228.7,PHI,Devin,White,LB,6119,LB30
"August 21, 2024",,,,,,,229.8,KC,Chris,Jones,DT,3558,DT4
"August 21, 2024",,,,,,,230.7,MIA,Jaelan,Phillips,LB,7635,LB31
"August 21, 2024",,,,,,,237.4,BAL,Justin,Madubuike,DT,6818,DT5
"August 21, 2024",,,,,,,238.2,HOU,Jalen,Pitre,DB,8314,DB15
"August 21, 2024",,,,,,,239.7,CHI,Kevin,Byard,DB,3233,DB16
"August 21, 2024",,,,,,,239.8,KC,George,Karlaftis,DL,8385,DL6
"August 21, 2024",,,,,,,241,ARI,Budda,Baker,DB,4081,DB17
"August 21, 2024",,,,,,,243.6,DET,Jack,Campbell,LB,10880,LB32
"August 21, 2024",,,,,,,246,WAS,Frankie,Luvu,LB,5580,LB33
"August 21, 2024",,,,,,,248,NE,Kyle,Dugger,DB,6872,DB18
"August 21, 2024",,,,,,,249.4,DET,Alex,Anzalone,LB,4118,LB34
"August 21, 2024",,,,,,,250.7,LAC,Khalil,Mack,LB,2036,LB35
"August 21, 2024",,,,,,,251.6,PHI,C.J.,Gardner-Johnson,DB,5893,DB19
"August 21, 2024",,,,,,,276.7,ATL,Arnold,Ebiketie,DL,8325,DL7
"August 21, 2024",,,,,,,277,PIT,Alex,Highsmith,LB,7113,LB36
"August 21, 2024",,,,,,,278.7,DAL,DaRon,Bland,DB,8476,DB20
"August 21, 2024",,,,,,,279.4,LV,Robert,Spillane,LB,5726,LB37
"August 21, 2024",,,,,,,280,PHI,Cooper,DeJean,DB,11678,DB21
"August 21, 2024",,,,,,,282.6,NYJ,Haason,Reddick,LB,4063,LB38
"August 21, 2024",,,,,,,283.1,SEA,Tyrel,Dodson,LB,6315,LB39
"August 21, 2024",,,,,,,284.1,SEA,Byron,Murphy,DL,11668,DL8
"August 21, 2024",,,,,,,285.9,LAR,Byron,Young,LB,10917,LB40
"August 21, 2024",,,,,,,286.8,TB,Lavonte,David,LB,1192,LB41
"August 21, 2024",,,,,,,287,TEN,L'Jarius,Sneed,CB,7117,CB2
"August 21, 2024",,,,,,,287.6,CAR,Derrick,Brown,DT,6784,DT6
"August 21, 2024",,,,,,,291,LAR,Kamren,Curl,DB,7136,DB22
"August 21, 2024",,,,,,,292.4,DAL,Trevon,Diggs,CB,6809,CB3
"August 21, 2024",,,,,,,295.7,SF,Talanoa,Hufanga,DB,7811,DB23
"August 21, 2024",,,,,,,297,BUF,Greg,Rousseau,DE,7627,DE9
"August 21, 2024",,,,,,,300.5,NYJ,Jermaine,Johnson,LB,8398,LB42
"August 21, 2024",,,,,,,301.5,TEN,Harold,Landry,LB,5030,LB43
"August 21, 2024",,,,,,,302.5,PHI,Reed,Blankenship,DB,8406,DB24
"August 21, 2024",,,,,,,303.2,HOU,Christian,Harris,LB,8278,LB44
"August 21, 2024",,,,,,,303.7,DET,Kerby,Joseph,DB,8348,DB25
"August 21, 2024",,,,,,,305.3,NYG,Isaiah,Simmons,DB,6781,DB26
"August 21, 2024",,,,,,,307.8,LAC,Joey,Bosa,LB,3156,LB45
"August 21, 2024",,,,,,,310.8,MIA,Jevon,Holland,DB,7666,DB27
"August 21, 2024",,,,,,,311.1,HOU,Derek,Stingley,DB,8308,DB28
"August 21, 2024",,,,,,,311.4,ARI,Kyzir,White,LB,5348,LB46
"August 21, 2024",,,,,,,313,PIT,Payton,Wilson,LB,11727,LB47
"August 21, 2024",,,,,,,315.9,MIN,Jonathan,Greenard,DE,6900,DE10
"August 21, 2024",,,,,,,319,MIA,Chop,Robinson,DE,11663,DE11
"August 21, 2024",,,,,,,321.4,SF,Dre,Greenlaw,LB,6056,LB48
"August 21, 2024",,,,,,,322.7,NE,Christian,Gonzalez,DB,10881,DB29
"August 21, 2024",,,,,,,323.8,GB,Rashan,Gary,LB,5839,LB49
"August 21, 2024",,,,,,,325.2,ATL,Matt,Judon,LB,3303,LB50
"August 21, 2024",,,,,,,329.9,KC,Drue,Tranquill,LB,6141,LB51
"August 21, 2024",,,,,,,330.9,CAR,Josey,Jewell,LB,5334,LB52
"August 21, 2024",,,,,,,331.1,NYG,Dexter,Lawrence,DT,5847,DT7
"August 21, 2024",,,,,,,334,DAL,Eric,Kendricks,LB,2350,LB53
"August 21, 2024",,,,,,,335.2,MIA,Bradley,Chubb,LB,4967,LB54
"August 21, 2024",,,,,,,335.5,PHI,Quinyon,Mitchell,CB,11662,CB4
"August 21, 2024",,,,,,,355,LAC,Tuli,Tuipulotu,DL,10898,DL9
"August 21, 2024",,,,,,,356.4,CLE,Grant,Delpit,DB,6799,DB30
"August 21, 2024",,,,,,,357.6,BUF,Taylor,Rapp,DB,5882,DB31
"August 21, 2024",,,,,,,358,BAL,Trenton,Simpson,LB,10935,LB55
"August 21, 2024",,,,,,,359.6,TEN,Kenneth,Murray,LB,6811,LB56
"August 21, 2024",,,,,,,359.8,NO,Carl,Granderson,DE,5912,DE12
"August 21, 2024",,,,,,,362.5,LV,Malcolm,Koonce,DE,7676,DE13
"August 21, 2024",,,,,,,363.6,DET,Terrion,Arnold,DB,11661,DB32
"August 21, 2024",,,,,,,364.2,TEN,Jeffery,Simmons,DT,6125,DT8
"August 21, 2024",,,,,,,365.4,CIN,Dax,Hill,DB,8286,DB33
"August 21, 2024",,,,,,,366.3,CIN,Jordan,Battle,DB,10927,DB34
"August 21, 2024",,,,,,,367.2,IND,Kenny,Moore,CB,4427,CB5
"August 21, 2024",,,,,,,369.4,ARI,Darius,Robinson,DL,11658,DL10
"August 21, 2024",,,,,,,370.6,NYG,Micah,McFadden,LB,8396,LB57
"August 21, 2024",,,,,,,371.4,BUF,Cole,Bishop,DB,11682,DB35
"August 21, 2024",,,,,,,372.9,MIA,Jalen,Ramsey,CB,3160,CB6
"August 21, 2024",,,,,,,373.7,NYG,Tyler,Nubin,DB,11674,DB36
"August 21, 2024",,,,,,,374.9,NO,Demario,Davis,LB,1052,LB58
"August 21, 2024",,,,,,,375,ATL,Troy,Andersen,LB,8388,LB59
"August 21, 2024",,,,,,,375.5,NO,Kool-Aid,McKinstry,DB,11675,DB37
"August 21, 2024",,,,,,,378,BUF,Matt,Milano,LB,4191,LB60
"August 21, 2024",,,,,,,379.8,LAR,Kobie,Turner,DT,10916,DT9
"August 21, 2024",,,,,,,380.9,SEA,Boye,Mafe,DL,8343,DL11
"August 21, 2024",,,,,,,381.1,BUF,Taron,Johnson,CB,5341,CB7
"August 21, 2024",,,,,,,382.7,CLE,Jordan,Hicks,LB,2389,LB61
"August 21, 2024",,,,,,,383.7,IND,E.J.,Speed,LB,6218,LB62
"August 21, 2024",,,,,,,385.2,NE,Christian,Barmore,DT,7664,DT10
"August 21, 2024",,,,,,,387,GB,Javon,Bullard,DB,11686,DB38
"August 21, 2024",,,,,,,388,NE,Ja'Whaun,Bentley,LB,5318,LB63
"August 21, 2024",,,,,,,391.7,NO,Chase,Young,DE,6782,DE14
"August 21, 2024",,,,,,,391.9,PHI,Bryce,Huff,DE,7391,DE15
"August 21, 2024",,,,,,,396.5,ARI,Jalen,Thompson,DB,6711,DB39
"August 21, 2024",,,,,,,398.9,ATL,Kaden,Elliss,LB,6302,LB64
"August 21, 2024",,,,,,,399,NO,Pete,Werner,LB,7647,LB65
"August 21, 2024",,,,,,,399.7,WAS,Jeremy,Chinn,DB,7016,DB40
"August 21, 2024",,,,,,295,,KC,Emani,Bailey,RB,11998,RB112